[
  {
    "id": "5c36f4e0-f573-403f-93ff-1ee3fb68944c",
    "data": [
      {
        "text": "the user interface is not working in this app",
        "userDefined": false
      }
    ],
    "isTemplate": false,
    "count": 0,
    "lang": "en",
    "updated": 0
  },
  {
    "id": "28a9b1e8-b93c-4602-8426-22dd720662db",
    "data": [
      {
        "text": "my name is ",
        "userDefined": false
      },
      {
        "text": "max",
        "meta": "@sys.given-name",
        "alias": "name",
        "userDefined": true
      },
      {
        "text": " and  ",
        "userDefined": false
      },
      {
        "text": "i am facing issue with your app.",
        "meta": "@sys.ignore",
        "userDefined": true
      },
      {
        "text": " please resolve it and revert back on ",
        "userDefined": false
      },
      {
        "text": "testemail@gmail.com",
        "meta": "@sys.email",
        "alias": "email",
        "userDefined": true
      },
      {
        "text": ". for further query please contact me on ",
        "userDefined": false
      },
      {
        "text": "1234321422",
        "meta": "@sys.phone-number",
        "alias": "phone-number",
        "userDefined": true
      }
    ],
    "isTemplate": false,
    "count": 0,
    "lang": "en",
    "updated": 0
  },
  {
    "id": "e21748fe-55b0-49ce-bc48-02d70a67c2fd",
    "data": [
      {
        "text": "please resolve my issue",
        "userDefined": false
      }
    ],
    "isTemplate": false,
    "count": 0,
    "lang": "en",
    "updated": 0
  },
  {
    "id": "e3effe9b-dc28-4175-bd51-e365d85b0628",
    "data": [
      {
        "text": "i want to report ",
        "userDefined": false
      },
      {
        "text": "an UI issue",
        "meta": "@sys.ignore",
        "userDefined": true
      },
      {
        "text": ". My name is ",
        "userDefined": false
      },
      {
        "text": "abc",
        "meta": "@sys.given-name",
        "alias": "name",
        "userDefined": true
      },
      {
        "text": " and email is ",
        "userDefined": false
      },
      {
        "text": "abc@gmil.com",
        "meta": "@sys.email",
        "alias": "email",
        "userDefined": true
      },
      {
        "text": ".",
        "userDefined": false
      }
    ],
    "isTemplate": false,
    "count": 0,
    "lang": "en",
    "updated": 0
  },
  {
    "id": "43a85b24-271d-478c-be75-ba374772f62d",
    "data": [
      {
        "text": "I want to report a bug  in app",
        "userDefined": false
      }
    ],
    "isTemplate": false,
    "count": 0,
    "lang": "en",
    "updated": 0
  },
  {
    "id": "1f148a77-33ba-4200-9e5f-8be6e4b74683",
    "data": [
      {
        "text": "I have an issue with this app. please contact me for further information on ",
        "userDefined": false
      },
      {
        "text": "9898899888",
        "meta": "@sys.phone-number",
        "alias": "phone-number",
        "userDefined": true
      }
    ],
    "isTemplate": false,
    "count": 0,
    "lang": "en",
    "updated": 0
  }
]