[
  {
    "id": "09cc5932-8d05-4b8a-808a-0ad54c523ff0",
    "data": [
      {
        "text": "app is getting closed",
        "userDefined": false
      }
    ],
    "isTemplate": false,
    "count": 0,
    "lang": "en",
    "updated": 0
  },
  {
    "id": "d9c47bf1-2c4b-4b2d-a67b-d4bd7ffa7224",
    "data": [
      {
        "text": "the screen is hanging",
        "userDefined": false
      }
    ],
    "isTemplate": false,
    "count": 0,
    "lang": "en",
    "updated": 0
  },
  {
    "id": "bd2214ca-4c7d-4854-8382-0e2b816d4f1b",
    "data": [
      {
        "text": "I am not able to scroll the screen",
        "userDefined": false
      }
    ],
    "isTemplate": false,
    "count": 0,
    "lang": "en",
    "updated": 0
  },
  {
    "id": "9c8d310d-7bc0-4381-92d2-0a6f9c63af74",
    "data": [
      {
        "text": "my app is getting crashed",
        "userDefined": false
      }
    ],
    "isTemplate": false,
    "count": 0,
    "lang": "en",
    "updated": 0
  },
  {
    "id": "9a493292-9832-4896-897b-6866d9e70f0f",
    "data": [
      {
        "text": "I am not able to make payment on app",
        "userDefined": false
      }
    ],
    "isTemplate": false,
    "count": 0,
    "lang": "en",
    "updated": 0
  },
  {
    "id": "d358aa2f-b0f1-4a7e-914b-ce5baf84b70b",
    "data": [
      {
        "text": "My application is hanging a lot, not able to open it",
        "userDefined": false
      }
    ],
    "isTemplate": false,
    "count": 0,
    "lang": "en",
    "updated": 0
  },
  {
    "id": "9ea983cc-eae5-4ede-8bbd-0287e4bbb002",
    "data": [
      {
        "text": "I am facing issue with flight booking tab in application",
        "userDefined": false
      }
    ],
    "isTemplate": false,
    "count": 0,
    "lang": "en",
    "updated": 0
  }
]