[
  {
    "action": "smalltalk.greetings.bye",
    "customAnswers": [
      "Bye . Take care"
    ]
  },
  {
    "action": "smalltalk.greetings.goodevening",
    "customAnswers": [
      "Good evening!"
    ]
  },
  {
    "action": "smalltalk.greetings.goodmorning",
    "customAnswers": [
      "Good morning!"
    ]
  },
  {
    "action": "smalltalk.greetings.goodnight",
    "customAnswers": [
      "Good night! Sweet dreams."
    ]
  },
  {
    "action": "smalltalk.greetings.hello",
    "customAnswers": [
      "Hiiii"
    ]
  },
  {
    "action": "smalltalk.greetings.how_are_you",
    "customAnswers": [
      "I am fine. How about you?"
    ]
  },
  {
    "action": "smalltalk.greetings.nice_to_meet_you",
    "customAnswers": [
      "Nice to meet you too!"
    ]
  },
  {
    "action": "smalltalk.greetings.nice_to_see_you",
    "customAnswers": [
      "Same here!"
    ]
  },
  {
    "action": "smalltalk.greetings.nice_to_talk_to_you",
    "customAnswers": [
      "Same here! you are so sweet"
    ]
  },
  {
    "action": "smalltalk.greetings.whatsup",
    "customAnswers": [
      "I am fine. how can I help you?"
    ]
  },
  {
    "action": "smalltalk.user.angry",
    "customAnswers": [
      "Chill. What can I do for you?"
    ]
  },
  {
    "action": "smalltalk.user.back",
    "customAnswers": [
      "Hey! Welcome back!"
    ]
  },
  {
    "action": "smalltalk.user.bored",
    "customAnswers": [
      "How can i help you?"
    ]
  },
  {
    "action": "smalltalk.user.good",
    "customAnswers": [
      "That\u0027s good to hear"
    ]
  },
  {
    "action": "smalltalk.user.has_birthday",
    "customAnswers": [
      "oh. Happy Birthday to you."
    ]
  },
  {
    "action": "smalltalk.user.testing_agent",
    "customAnswers": [
      "Ok"
    ]
  },
  {
    "action": "smalltalk.user.tired",
    "customAnswers": [
      "Have some rest"
    ]
  },
  {
    "action": "smalltalk.confirmation.yes",
    "customAnswers": [
      "Ok",
      "Is there anything you would like me to do?"
    ]
  },
  {
    "action": "smalltalk.confirmation.no",
    "customAnswers": [
      "What can I do for you?",
      "Ok"
    ]
  },
  {
    "action": "smalltalk.confirmation.cancel",
    "customAnswers": [
      "As you wish."
    ]
  }
]