[
  {
    "id": "2714e08b-83f3-4cc3-ae70-2b250b792495",
    "data": [
      {
        "text": "Make payment",
        "userDefined": false
      }
    ],
    "isTemplate": false,
    "count": 1,
    "lang": "en",
    "updated": 0
  },
  {
    "id": "a24fc29e-05c3-4e9a-9459-5344d757e652",
    "data": [
      {
        "text": "How can I make payment  for flight ticket",
        "userDefined": false
      }
    ],
    "isTemplate": false,
    "count": 0,
    "lang": "en",
    "updated": 0
  },
  {
    "id": "225a1a8b-ade3-4a2e-9a34-dae93e59a140",
    "data": [
      {
        "text": "Payment method while booking flight",
        "userDefined": false
      }
    ],
    "isTemplate": false,
    "count": 0,
    "lang": "en",
    "updated": 0
  },
  {
    "id": "5649322c-6a07-4879-836f-a9ca50b7818f",
    "data": [
      {
        "text": "What is the payment process while buying ticket",
        "userDefined": false
      }
    ],
    "isTemplate": false,
    "count": 0,
    "lang": "en",
    "updated": 0
  },
  {
    "id": "556378d9-84ad-48b1-b1b0-81589acd8e63",
    "data": [
      {
        "text": "How do I make payment",
        "userDefined": false
      }
    ],
    "isTemplate": false,
    "count": 0,
    "lang": "en",
    "updated": 0
  },
  {
    "id": "cac0e9b6-eeda-47af-bda2-bde783208908",
    "data": [
      {
        "text": "How do I complete the payment process",
        "userDefined": false
      }
    ],
    "isTemplate": false,
    "count": 0,
    "lang": "en",
    "updated": 0
  },
  {
    "id": "2ccdb356-e6a7-4acf-a500-fb2db5a9d56d",
    "data": [
      {
        "text": "How do I pay for my plane ticket",
        "userDefined": false
      }
    ],
    "isTemplate": false,
    "count": 0,
    "lang": "en",
    "updated": 0
  },
  {
    "id": "6a0182a9-1d25-453a-9d80-ace1b50206ba",
    "data": [
      {
        "text": "How to do the payement",
        "userDefined": false
      }
    ],
    "isTemplate": false,
    "count": 0,
    "lang": "en",
    "updated": 0
  },
  {
    "id": "5d8b80a5-4273-4121-88f3-39e01e682aac",
    "data": [
      {
        "text": "Pay for the booking",
        "userDefined": false
      }
    ],
    "isTemplate": false,
    "count": 0,
    "lang": "en",
    "updated": 0
  },
  {
    "id": "82503883-e589-4ce6-aed5-39c4d2db5bb4",
    "data": [
      {
        "text": "Payment method",
        "userDefined": false
      }
    ],
    "isTemplate": false,
    "count": 0,
    "lang": "en",
    "updated": 0
  }
]