[
  {
    "id": "4256bd0d-56c1-4717-aa01-0ffdf1de5296",
    "data": [
      {
        "text": "Guide me in booking a flight",
        "userDefined": false
      }
    ],
    "isTemplate": false,
    "count": 0,
    "lang": "en",
    "updated": 0
  },
  {
    "id": "b9c4ddd7-2b1d-45cf-94ec-614446289b01",
    "data": [
      {
        "text": "Help me book a flight",
        "userDefined": false
      }
    ],
    "isTemplate": false,
    "count": 0,
    "lang": "en",
    "updated": 0
  },
  {
    "id": "7efa1466-c129-4343-85a2-76463c18d4fc",
    "data": [
      {
        "text": "how do I book a ticket",
        "userDefined": false
      }
    ],
    "isTemplate": false,
    "count": 0,
    "lang": "en",
    "updated": 0
  },
  {
    "id": "3752628d-fdf9-4a13-8e95-1bc279e1ce92",
    "data": [
      {
        "text": "help me to book a flight ticket",
        "userDefined": false
      }
    ],
    "isTemplate": false,
    "count": 0,
    "lang": "en",
    "updated": 0
  },
  {
    "id": "629b91ba-7d63-46fe-8de1-76352566705c",
    "data": [
      {
        "text": "how to book a ticket",
        "userDefined": false
      }
    ],
    "isTemplate": false,
    "count": 0,
    "lang": "en",
    "updated": 0
  },
  {
    "id": "e80d59d1-5b0b-459c-9660-f5603b632ef4",
    "data": [
      {
        "text": "Flight booking procedure",
        "userDefined": false
      }
    ],
    "isTemplate": false,
    "count": 0,
    "lang": "en",
    "updated": 0
  },
  {
    "id": "6af5fcd5-4fa2-4ad1-8fac-9c3bbba0ed38",
    "data": [
      {
        "text": "I want to  book a flight",
        "userDefined": false
      }
    ],
    "isTemplate": false,
    "count": 0,
    "lang": "en",
    "updated": 0
  },
  {
    "id": "d85236d5-02e1-4bc6-813b-847f714fd142",
    "data": [
      {
        "text": "What is the procedure to book flight",
        "userDefined": false
      }
    ],
    "isTemplate": false,
    "count": 0,
    "lang": "en",
    "updated": 0
  },
  {
    "id": "b25ca0a1-bfc5-4eab-bc26-be72739508f7",
    "data": [
      {
        "text": "I want to know about booking process",
        "userDefined": false
      }
    ],
    "isTemplate": false,
    "count": 0,
    "lang": "en",
    "updated": 0
  },
  {
    "id": "edde2de6-1599-4eaf-9f14-3509e737723c",
    "data": [
      {
        "text": "Flight booking",
        "userDefined": false
      }
    ],
    "isTemplate": false,
    "count": 0,
    "lang": "en",
    "updated": 0
  },
  {
    "id": "bf67ffc5-790f-4dde-95b0-555e7daf1e17",
    "data": [
      {
        "text": "How to book flight",
        "userDefined": false
      }
    ],
    "isTemplate": false,
    "count": 0,
    "lang": "en",
    "updated": 0
  },
  {
    "id": "8b0d1205-0f64-4517-b43f-8ed410557eb4",
    "data": [
      {
        "text": "How do I book flight",
        "userDefined": false
      }
    ],
    "isTemplate": false,
    "count": 0,
    "lang": "en",
    "updated": 0
  },
  {
    "id": "dadf8ec3-59b7-4e1b-8c97-bb890c480263",
    "data": [
      {
        "text": "Book a flight",
        "userDefined": false
      }
    ],
    "isTemplate": false,
    "count": 0,
    "lang": "en",
    "updated": 0
  }
]