[
  {
    "id": "78712112-e1e4-4cda-8ac9-69183b4aa6a1",
    "data": [
      {
        "text": "Am i eligible for student discount",
        "userDefined": false
      }
    ],
    "isTemplate": false,
    "count": 0,
    "lang": "en",
    "updated": 0
  },
  {
    "id": "d8a01e76-8658-40db-855d-30d406bbdee8",
    "data": [
      {
        "text": "Max age for student to be eligible for student discount",
        "userDefined": false
      }
    ],
    "isTemplate": false,
    "count": 0,
    "lang": "en",
    "updated": 0
  },
  {
    "id": "9eb60a34-c6ef-4526-95ab-b7e565d55fc0",
    "data": [
      {
        "text": "what is the age limit for student to be eligible for student discount",
        "userDefined": false
      }
    ],
    "isTemplate": false,
    "count": 0,
    "lang": "en",
    "updated": 0
  },
  {
    "id": "2aa6473e-ca2b-4040-a196-2dba5cdb75b0",
    "data": [
      {
        "text": "How is a student eligible for student discount",
        "userDefined": false
      }
    ],
    "isTemplate": false,
    "count": 0,
    "lang": "en",
    "updated": 0
  },
  {
    "id": "c6fc5f60-7c3d-405a-8ccf-2c0ca9dc08e6",
    "data": [
      {
        "text": "what is the age limit for student",
        "userDefined": false
      }
    ],
    "isTemplate": false,
    "count": 0,
    "lang": "en",
    "updated": 0
  },
  {
    "id": "19065086-b522-4499-9767-04e0daa97f15",
    "data": [
      {
        "text": "student discount eligibility criteria",
        "userDefined": false
      }
    ],
    "isTemplate": false,
    "count": 0,
    "lang": "en",
    "updated": 0
  },
  {
    "id": "5cdd68e4-af3a-4f80-84d3-c2b63a33827b",
    "data": [
      {
        "text": "Who all are eligible for student discount",
        "userDefined": false
      }
    ],
    "isTemplate": false,
    "count": 0,
    "lang": "en",
    "updated": 0
  },
  {
    "id": "19a64409-2a67-4dd9-baa4-a74f7a50b678",
    "data": [
      {
        "text": "eligible age for student discount",
        "userDefined": false
      }
    ],
    "isTemplate": false,
    "count": 0,
    "lang": "en",
    "updated": 0
  },
  {
    "id": "ff2004c8-f71d-42f1-b9be-9dcc2a240d54",
    "data": [
      {
        "text": "Max age eligible for student discount",
        "userDefined": false
      }
    ],
    "isTemplate": false,
    "count": 0,
    "lang": "en",
    "updated": 0
  },
  {
    "id": "4bfa809d-d113-49c5-b145-f5514d355267",
    "data": [
      {
        "text": "Till what age is student discount available",
        "userDefined": false
      }
    ],
    "isTemplate": false,
    "count": 0,
    "lang": "en",
    "updated": 0
  },
  {
    "id": "797c7188-e8d7-46d5-9d57-c84a5033876c",
    "data": [
      {
        "text": "Age limit for student discount",
        "userDefined": false
      }
    ],
    "isTemplate": false,
    "count": 0,
    "lang": "en",
    "updated": 0
  }
]