[
  {
    "id": "0276350b-1400-41f5-b76d-4e938aef16e0",
    "data": [
      {
        "text": "How do I book a flight but pay later for it",
        "userDefined": false
      }
    ],
    "isTemplate": false,
    "count": 0,
    "lang": "en",
    "updated": 0
  },
  {
    "id": "9ec3175c-762b-4d66-a3d8-6f4bd0c29771",
    "data": [
      {
        "text": "I want to book a flight for whichIi will be able to pay later",
        "userDefined": false
      }
    ],
    "isTemplate": false,
    "count": 0,
    "lang": "en",
    "updated": 0
  },
  {
    "id": "b80682fa-f903-4494-8fe4-b44634065084",
    "data": [
      {
        "text": "Will I lose my reservation if I book ",
        "userDefined": false
      },
      {
        "text": "first",
        "meta": "@sys.ignore",
        "userDefined": false
      },
      {
        "text": " but pay later.",
        "userDefined": false
      }
    ],
    "isTemplate": false,
    "count": 0,
    "lang": "en",
    "updated": 0
  },
  {
    "id": "8a0ab25f-825a-492f-9dcc-19bb62300e40",
    "data": [
      {
        "text": "I want to book a flight but is it possible to pay for it later",
        "userDefined": false
      }
    ],
    "isTemplate": false,
    "count": 0,
    "lang": "en",
    "updated": 0
  },
  {
    "id": "ba3e4420-188d-4a95-933a-1b15a64bf23e",
    "data": [
      {
        "text": "First",
        "meta": "@sys.ignore",
        "userDefined": false
      },
      {
        "text": " book a flight and pay for it later",
        "userDefined": false
      }
    ],
    "isTemplate": false,
    "count": 0,
    "lang": "en",
    "updated": 0
  },
  {
    "id": "22782a4a-863c-48e7-8751-2211d05f7b1f",
    "data": [
      {
        "text": "I want to book a flight but pay for it later",
        "userDefined": false
      }
    ],
    "isTemplate": false,
    "count": 0,
    "lang": "en",
    "updated": 0
  },
  {
    "id": "b31a97fa-adbf-4b0b-802d-124651c7dd64",
    "data": [
      {
        "text": "Is it possible to book a flight ",
        "userDefined": false
      },
      {
        "text": "first",
        "meta": "@sys.ignore",
        "userDefined": false
      },
      {
        "text": " and pay for it later",
        "userDefined": false
      }
    ],
    "isTemplate": false,
    "count": 0,
    "lang": "en",
    "updated": 0
  },
  {
    "id": "de498384-bf5a-4abd-a705-281e4bcea6c5",
    "data": [
      {
        "text": "Will my booking be cancelled if I  book the flight ",
        "userDefined": false
      },
      {
        "text": "first",
        "meta": "@sys.ignore",
        "userDefined": false
      },
      {
        "text": " and pay for it later",
        "userDefined": false
      }
    ],
    "isTemplate": false,
    "count": 0,
    "lang": "en",
    "updated": 0
  },
  {
    "id": "fcb12af1-62a5-4309-82e0-032eb54d74e9",
    "data": [
      {
        "text": "Will it be ok if I book a flight and pay later",
        "userDefined": false
      }
    ],
    "isTemplate": false,
    "count": 0,
    "lang": "en",
    "updated": 0
  },
  {
    "id": "17ac4bfb-9f10-468c-83fc-3d347a960baf",
    "data": [
      {
        "text": "Am i able to book the flight ",
        "userDefined": false
      },
      {
        "text": "first",
        "meta": "@sys.ignore",
        "userDefined": false
      },
      {
        "text": " and pay for it later",
        "userDefined": false
      }
    ],
    "isTemplate": false,
    "count": 0,
    "lang": "en",
    "updated": 0
  },
  {
    "id": "6de2bae7-edcb-4aab-837d-889998fcac4e",
    "data": [
      {
        "text": "What will happen if I book a flight but pay for it later",
        "userDefined": false
      }
    ],
    "isTemplate": false,
    "count": 0,
    "lang": "en",
    "updated": 0
  },
  {
    "id": "e5da8748-0bb8-4efe-92ac-a405868c51f8",
    "data": [
      {
        "text": "Will I be able to book a flight but pay for it later",
        "userDefined": false
      }
    ],
    "isTemplate": false,
    "count": 0,
    "lang": "en",
    "updated": 0
  },
  {
    "id": "cdbb1e0d-2387-44e3-a23a-925e0ea35afe",
    "data": [
      {
        "text": "How do I book a flight but pay for it later",
        "userDefined": false
      }
    ],
    "isTemplate": false,
    "count": 1,
    "lang": "en",
    "updated": 0
  },
  {
    "id": "5fec0fad-d6fa-443a-be66-9073129e8025",
    "data": [
      {
        "text": "Is it possible to book and pay later",
        "userDefined": false
      }
    ],
    "isTemplate": false,
    "count": 0,
    "lang": "en",
    "updated": 0
  },
  {
    "id": "231d8aeb-1bf1-4b6a-9e12-5e2a74130ca7",
    "data": [
      {
        "text": "Can I book ",
        "userDefined": false
      },
      {
        "text": "first",
        "meta": "@sys.ignore",
        "userDefined": false
      },
      {
        "text": " and pay later",
        "userDefined": false
      }
    ],
    "isTemplate": false,
    "count": 0,
    "lang": "en",
    "updated": 0
  },
  {
    "id": "333e4e38-b737-414e-a488-3c61743ab00e",
    "data": [
      {
        "text": "Can I book and hold a reservation and pay later?",
        "userDefined": false
      }
    ],
    "isTemplate": false,
    "count": 0,
    "lang": "en",
    "updated": 0
  }
]