[
  {
    "id": "8c64929a-f0f6-4f73-a316-7608482ce83f",
    "data": [
      {
        "text": "How do I get another boarding pass",
        "userDefined": false
      }
    ],
    "isTemplate": false,
    "count": 0,
    "lang": "en",
    "updated": 0
  },
  {
    "id": "3c8b073f-1322-4973-9048-7a9ebd308458",
    "data": [
      {
        "text": "Is it possible to get another boarding pass if I lost ",
        "userDefined": false
      },
      {
        "text": "one",
        "meta": "@sys.ignore",
        "userDefined": false
      }
    ],
    "isTemplate": false,
    "count": 0,
    "lang": "en",
    "updated": 0
  },
  {
    "id": "92a9f6e8-801f-47a1-b1e7-1f1a0b79d282",
    "data": [
      {
        "text": "What can I do if I lost my boarding pass",
        "userDefined": false
      }
    ],
    "isTemplate": false,
    "count": 0,
    "lang": "en",
    "updated": 0
  },
  {
    "id": "76e20b05-ad1f-4a29-bc87-3b29e0a22e33",
    "data": [
      {
        "text": "I have lost my boarding card",
        "userDefined": false
      }
    ],
    "isTemplate": false,
    "count": 0,
    "lang": "en",
    "updated": 0
  },
  {
    "id": "3aa8fc79-e888-4e9c-9591-512c80e59ccc",
    "data": [
      {
        "text": "What to do if I lost my boarding card",
        "userDefined": false
      }
    ],
    "isTemplate": false,
    "count": 0,
    "lang": "en",
    "updated": 0
  },
  {
    "id": "da69a5b9-9532-4197-a605-9e446cea1eb8",
    "data": [
      {
        "text": "How do I get duplicate online boarding pass",
        "userDefined": false
      }
    ],
    "isTemplate": false,
    "count": 0,
    "lang": "en",
    "updated": 0
  },
  {
    "id": "f7f181ce-2034-43c7-b0fd-18a5d912ee40",
    "data": [
      {
        "text": "What do I do when I have lost online boarding pass",
        "userDefined": false
      }
    ],
    "isTemplate": false,
    "count": 0,
    "lang": "en",
    "updated": 0
  },
  {
    "id": "21d7c148-e207-43b4-a5d9-fa9f26c4612a",
    "data": [
      {
        "text": "Lost online boarding card",
        "userDefined": false
      }
    ],
    "isTemplate": false,
    "count": 0,
    "lang": "en",
    "updated": 0
  },
  {
    "id": "72d85ef6-5625-4f53-bf13-b08582d0c5da",
    "data": [
      {
        "text": "will it be ok if I lost my onboarding card",
        "userDefined": false
      }
    ],
    "isTemplate": false,
    "count": 0,
    "lang": "en",
    "updated": 0
  },
  {
    "id": "7a22e687-643e-44a3-acee-7fb4558db19a",
    "data": [
      {
        "text": "I have lost my online boarding card",
        "userDefined": false
      }
    ],
    "isTemplate": false,
    "count": 0,
    "lang": "en",
    "updated": 0
  },
  {
    "id": "07a19996-8ecb-4494-a950-afb20ea0573e",
    "data": [
      {
        "text": "What should I do if I lost my online boarding card",
        "userDefined": false
      }
    ],
    "isTemplate": false,
    "count": 0,
    "lang": "en",
    "updated": 0
  }
]