[
  {
    "id": "a723fc5f-5635-4ade-86cc-eab0cdec7843",
    "data": [
      {
        "text": "Can you help me pre book the seat for my flight",
        "userDefined": false
      }
    ],
    "isTemplate": false,
    "count": 0,
    "lang": "en",
    "updated": 0
  },
  {
    "id": "408d0ef4-a1aa-42ed-b1de-7d022172d97f",
    "data": [
      {
        "text": "I want to pre-book my seat",
        "userDefined": false
      }
    ],
    "isTemplate": false,
    "count": 0,
    "lang": "en",
    "updated": 0
  },
  {
    "id": "4f548f30-2965-43b4-a1b5-ca37a5a7cbf9",
    "data": [
      {
        "text": "How do I pre book the seat",
        "userDefined": false
      }
    ],
    "isTemplate": false,
    "count": 0,
    "lang": "en",
    "updated": 0
  },
  {
    "id": "c94980e9-cbde-4070-8a2b-cd9cdecb7eaa",
    "data": [
      {
        "text": "Is it mandatory to select seat while booking?",
        "userDefined": false
      }
    ],
    "isTemplate": false,
    "count": 0,
    "lang": "en",
    "updated": 0
  },
  {
    "id": "f0e862e8-5fe9-4a26-bcc6-3fe22c4e0426",
    "data": [
      {
        "text": "pre booking of seat",
        "userDefined": false
      }
    ],
    "isTemplate": false,
    "count": 0,
    "lang": "en",
    "updated": 0
  },
  {
    "id": "52783c1f-ec60-4982-af63-1b65d4006c26",
    "data": [
      {
        "text": "advance booking of seats in flight",
        "userDefined": false
      }
    ],
    "isTemplate": false,
    "count": 0,
    "lang": "en",
    "updated": 0
  },
  {
    "id": "7acb85b0-155e-4989-a513-62b960904f3d",
    "data": [
      {
        "text": "advanced seat purchasing",
        "userDefined": false
      }
    ],
    "isTemplate": false,
    "count": 0,
    "lang": "en",
    "updated": 0
  },
  {
    "id": "8535038f-b4b7-4572-a59d-6232935e8607",
    "data": [
      {
        "text": "seat selection beforehand",
        "userDefined": false
      }
    ],
    "isTemplate": false,
    "count": 0,
    "lang": "en",
    "updated": 0
  },
  {
    "id": "d90d32b0-8374-4a2f-949f-9033f8d2449f",
    "data": [
      {
        "text": "seat selection before onboarding",
        "userDefined": false
      }
    ],
    "isTemplate": false,
    "count": 0,
    "lang": "en",
    "updated": 0
  },
  {
    "id": "2f7d265b-d259-4f12-bef7-396dab3ff7dc",
    "data": [
      {
        "text": "advanced seat selection",
        "userDefined": false
      }
    ],
    "isTemplate": false,
    "count": 0,
    "lang": "en",
    "updated": 0
  },
  {
    "id": "31c4d37c-c6cd-4120-a19e-ed2694d0ad7c",
    "data": [
      {
        "text": "pre-boarding seat selection",
        "userDefined": false
      }
    ],
    "isTemplate": false,
    "count": 0,
    "lang": "en",
    "updated": 0
  },
  {
    "id": "7938df0b-c01e-4837-bf2b-49d3dbc28323",
    "data": [
      {
        "text": "is pre-boarding and advance seat selection available?",
        "userDefined": false
      }
    ],
    "isTemplate": false,
    "count": 0,
    "lang": "en",
    "updated": 0
  }
]