[
  {
    "id": "202e0314-0b15-4f29-8e10-6468b8fb9a26",
    "data": [
      {
        "text": "How much luggage am I allowed to carry",
        "userDefined": false
      }
    ],
    "isTemplate": false,
    "count": 0,
    "lang": "en",
    "updated": 0
  },
  {
    "id": "606507d7-fe8d-469a-8b19-e69ffa3f4d6a",
    "data": [
      {
        "text": "Maximum load I can carry with me",
        "userDefined": false
      }
    ],
    "isTemplate": false,
    "count": 0,
    "lang": "en",
    "updated": 0
  },
  {
    "id": "9f9ba706-fef7-4cef-8596-93f19950d718",
    "data": [
      {
        "text": "What is the maximum amount of luggage I am allowed to carry",
        "userDefined": false
      }
    ],
    "isTemplate": false,
    "count": 0,
    "lang": "en",
    "updated": 0
  },
  {
    "id": "37e0e18b-bfbc-417b-be47-3cb2fe340b99",
    "data": [
      {
        "text": "Maximum luggage I can carry",
        "userDefined": false
      }
    ],
    "isTemplate": false,
    "count": 0,
    "lang": "en",
    "updated": 0
  },
  {
    "id": "b39e2ece-73ca-40a1-8748-d161eec00a5d",
    "data": [
      {
        "text": "what is the number of baggage to be carried into cabin",
        "userDefined": false
      }
    ],
    "isTemplate": false,
    "count": 0,
    "lang": "en",
    "updated": 0
  },
  {
    "id": "630393f0-7eb3-4862-b38f-357d66a0c990",
    "data": [
      {
        "text": "can i carry more bags into cabin of filght",
        "userDefined": false
      }
    ],
    "isTemplate": false,
    "count": 0,
    "lang": "en",
    "updated": 0
  },
  {
    "id": "a0d1e09f-1d85-4bd5-9487-abaf4544ad44",
    "data": [
      {
        "text": "number of bags inside cabin",
        "userDefined": false
      }
    ],
    "isTemplate": false,
    "count": 0,
    "lang": "en",
    "updated": 0
  },
  {
    "id": "9fb3dccb-6d14-47e9-b90b-4360942a62e0",
    "data": [
      {
        "text": "am I allowed to carry more than one bag inside the cabin of light",
        "userDefined": false
      }
    ],
    "isTemplate": false,
    "count": 0,
    "lang": "en",
    "updated": 0
  },
  {
    "id": "02ae1779-db26-4e70-b696-0df892557eea",
    "data": [
      {
        "text": "how many hand baggage am I allowed to carry inside the flight",
        "userDefined": false
      }
    ],
    "isTemplate": false,
    "count": 0,
    "lang": "en",
    "updated": 0
  },
  {
    "id": "17e302b5-c202-4d02-9c96-3f8549cc753d",
    "data": [
      {
        "text": "how many cabin baggage can i have",
        "userDefined": false
      }
    ],
    "isTemplate": false,
    "count": 0,
    "lang": "en",
    "updated": 0
  },
  {
    "id": "3369e27b-31aa-4178-87cb-54aa8ca270cd",
    "data": [
      {
        "text": "How many pieces of hand baggage can I carry in the cabin",
        "userDefined": false
      }
    ],
    "isTemplate": false,
    "count": 0,
    "lang": "en",
    "updated": 0
  }
]