[
  {
    "id": "86f253fe-1736-4775-a3d1-94ca9859571c",
    "data": [
      {
        "text": "I want my refund",
        "userDefined": false
      }
    ],
    "isTemplate": false,
    "count": 0,
    "lang": "en",
    "updated": 0
  },
  {
    "id": "f517d735-1ee1-43f3-a952-9e431cbc3407",
    "data": [
      {
        "text": "Who do I contact for refund process",
        "userDefined": false
      }
    ],
    "isTemplate": false,
    "count": 0,
    "lang": "en",
    "updated": 0
  },
  {
    "id": "4f3c313f-78c6-4129-a271-c802ad35ca4c",
    "data": [
      {
        "text": "My refund process was incomplete",
        "userDefined": false
      }
    ],
    "isTemplate": false,
    "count": 0,
    "lang": "en",
    "updated": 0
  },
  {
    "id": "27bd00b3-348b-41bb-a88e-e5495341e101",
    "data": [
      {
        "text": "Transaction was failed while payment procedure",
        "userDefined": false
      }
    ],
    "isTemplate": false,
    "count": 0,
    "lang": "en",
    "updated": 0
  },
  {
    "id": "d7dcad16-43e7-4c04-96d7-50efecd171bb",
    "data": [
      {
        "text": "I tried making payment but it failed",
        "userDefined": false
      }
    ],
    "isTemplate": false,
    "count": 0,
    "lang": "en",
    "updated": 0
  },
  {
    "id": "eb553d4e-9255-4f45-880d-d03028e435ac",
    "data": [
      {
        "text": "help me, my payment failed",
        "userDefined": false
      }
    ],
    "isTemplate": false,
    "count": 0,
    "lang": "en",
    "updated": 0
  },
  {
    "id": "3c47b139-936f-4de9-9634-3fce1976544b",
    "data": [
      {
        "text": "my money got debited but it is showing payment failed",
        "userDefined": false
      }
    ],
    "isTemplate": false,
    "count": 0,
    "lang": "en",
    "updated": 0
  },
  {
    "id": "de99f925-5c22-4463-8d84-5531795415fa",
    "data": [
      {
        "text": "money debited",
        "userDefined": false
      }
    ],
    "isTemplate": false,
    "count": 0,
    "lang": "en",
    "updated": 0
  },
  {
    "id": "67f8f3e1-3377-4bcc-8c9a-edd23edd74bb",
    "data": [
      {
        "text": "payment failed",
        "userDefined": false
      }
    ],
    "isTemplate": false,
    "count": 0,
    "lang": "en",
    "updated": 0
  },
  {
    "id": "d875341a-2eb1-4f79-93e2-05912e8a62f8",
    "data": [
      {
        "text": "My payment failed what should I do",
        "userDefined": false
      }
    ],
    "isTemplate": false,
    "count": 0,
    "lang": "en",
    "updated": 0
  }
]