[
  {
    "id": "0a25a0ec-d59e-4b65-8adc-92dc5dbf398f",
    "data": [
      {
        "text": "What  is the minimum time I should report at the airport before flight",
        "userDefined": false
      }
    ],
    "isTemplate": false,
    "count": 0,
    "lang": "en",
    "updated": 0
  },
  {
    "id": "413f3a0b-6f6c-4536-80ee-81766de0449b",
    "data": [
      {
        "text": "how much time prior should I reach airport",
        "userDefined": false
      }
    ],
    "isTemplate": false,
    "count": 0,
    "lang": "en",
    "updated": 0
  },
  {
    "id": "030bf15d-a07a-4b10-8494-9654b296edde",
    "data": [
      {
        "text": "time for reporting",
        "userDefined": false
      }
    ],
    "isTemplate": false,
    "count": 0,
    "lang": "en",
    "updated": 0
  },
  {
    "id": "16ba453c-8ebb-47da-a277-841e1f5db04f",
    "data": [
      {
        "text": "when should I report at the airport",
        "userDefined": false
      }
    ],
    "isTemplate": false,
    "count": 0,
    "lang": "en",
    "updated": 0
  },
  {
    "id": "9fc06dfa-ff9e-4d0c-ad7a-419d9bf9038b",
    "data": [
      {
        "text": "at how much time before, should i report at the airport",
        "userDefined": false
      }
    ],
    "isTemplate": false,
    "count": 0,
    "lang": "en",
    "updated": 0
  },
  {
    "id": "e5e44c2f-ebd9-404b-a82c-afa507ae3fc9",
    "data": [
      {
        "text": "what is the deadline for reporting",
        "userDefined": false
      }
    ],
    "isTemplate": false,
    "count": 0,
    "lang": "en",
    "updated": 0
  },
  {
    "id": "7fd0f0e3-2abf-4329-9f0d-4c0963ca7b89",
    "data": [
      {
        "text": "how much early should i reach airport",
        "userDefined": false
      }
    ],
    "isTemplate": false,
    "count": 1,
    "lang": "en",
    "updated": 0
  },
  {
    "id": "aeb15226-fdf6-4adf-9f0f-aa6a22c081b8",
    "data": [
      {
        "text": "How much time before the flight should I report at the Airport?",
        "userDefined": false
      }
    ],
    "isTemplate": false,
    "count": 0,
    "lang": "en",
    "updated": 0
  }
]