[
  {
    "id": "e3cc43cc-4796-454b-a1fb-67ae5b4c2a6a",
    "data": [
      {
        "text": "I wish to take extra luggage with me on plane",
        "userDefined": false
      }
    ],
    "isTemplate": false,
    "count": 0,
    "lang": "en",
    "updated": 0
  },
  {
    "id": "54e806f9-43f6-4f1a-8f67-9e37254fcd54",
    "data": [
      {
        "text": "Is it ok if I bring extra Baggage with me",
        "userDefined": false
      }
    ],
    "isTemplate": false,
    "count": 0,
    "lang": "en",
    "updated": 0
  },
  {
    "id": "bd6bb83a-7bfe-49ff-aa1f-9bf1d2bea282",
    "data": [
      {
        "text": "Is it possible for me to bring extra luggage with me",
        "userDefined": false
      }
    ],
    "isTemplate": false,
    "count": 0,
    "lang": "en",
    "updated": 0
  },
  {
    "id": "95a236bc-8656-41d6-9418-51b0549c6f8b",
    "data": [
      {
        "text": "what is the cost for extra bag",
        "userDefined": false
      }
    ],
    "isTemplate": false,
    "count": 0,
    "lang": "en",
    "updated": 0
  },
  {
    "id": "44919edc-5ca3-443c-abcf-d0978b8c0f76",
    "data": [
      {
        "text": "i have extra bag",
        "userDefined": false
      }
    ],
    "isTemplate": false,
    "count": 0,
    "lang": "en",
    "updated": 0
  },
  {
    "id": "f7adf6b8-3ce3-4d18-a2a5-55a990d17746",
    "data": [
      {
        "text": "What do I have to do to carry excess luggage",
        "userDefined": false
      }
    ],
    "isTemplate": false,
    "count": 0,
    "lang": "en",
    "updated": 0
  },
  {
    "id": "d1ad9749-3b0c-465b-a20a-e10e4bb5b309",
    "data": [
      {
        "text": "I want to carry extra luggage with me",
        "userDefined": false
      }
    ],
    "isTemplate": false,
    "count": 0,
    "lang": "en",
    "updated": 0
  },
  {
    "id": "cd971feb-21b6-4b32-b001-d2a59830b61d",
    "data": [
      {
        "text": "How do I bring excess baggage",
        "userDefined": false
      }
    ],
    "isTemplate": false,
    "count": 0,
    "lang": "en",
    "updated": 0
  },
  {
    "id": "b3726e73-d2c3-454b-a496-baaa41a93812",
    "data": [
      {
        "text": "I want to bring extra luggage",
        "userDefined": false
      }
    ],
    "isTemplate": false,
    "count": 0,
    "lang": "en",
    "updated": 0
  },
  {
    "id": "2b42705f-83c8-4985-a2e4-cdf8465ef897",
    "data": [
      {
        "text": "how do I bring excess luggage",
        "userDefined": false
      }
    ],
    "isTemplate": false,
    "count": 0,
    "lang": "en",
    "updated": 0
  },
  {
    "id": "540ba5bc-267a-441b-85c4-8bad1a3a1d0f",
    "data": [
      {
        "text": "How much do you charge for extra luggage",
        "userDefined": false
      }
    ],
    "isTemplate": false,
    "count": 0,
    "lang": "en",
    "updated": 0
  },
  {
    "id": "2d1a07ed-86f1-4bf6-82e1-f8267375ceda",
    "data": [
      {
        "text": "How much do you charge for excess baggage",
        "userDefined": false
      }
    ],
    "isTemplate": false,
    "count": 0,
    "lang": "en",
    "updated": 0
  },
  {
    "id": "7be2c1b2-dd5a-4805-953a-230b15c46dca",
    "data": [
      {
        "text": "what are the charges for excess baggage",
        "userDefined": false
      }
    ],
    "isTemplate": false,
    "count": 0,
    "lang": "en",
    "updated": 0
  },
  {
    "id": "660f3434-cef3-4496-a681-503be1ae7ccf",
    "data": [
      {
        "text": "What are the Excess Baggage charges?",
        "userDefined": false
      }
    ],
    "isTemplate": false,
    "count": 0,
    "lang": "en",
    "updated": 0
  }
]