[
  {
    "id": "13596d6d-eea6-40af-8447-cc576b9316c1",
    "data": [
      {
        "text": "Is it possible to pre book food for the flight",
        "userDefined": false
      }
    ],
    "isTemplate": false,
    "count": 0,
    "lang": "en",
    "updated": 0
  },
  {
    "id": "2478cddc-c646-4d0d-8efd-92c475855e93",
    "data": [
      {
        "text": "How do i book food and drinks for my flight",
        "userDefined": false
      }
    ],
    "isTemplate": false,
    "count": 0,
    "lang": "en",
    "updated": 0
  },
  {
    "id": "423adf97-e155-441f-ab11-b80f981b1abb",
    "data": [
      {
        "text": "How do I book food for flight",
        "userDefined": false
      }
    ],
    "isTemplate": false,
    "count": 0,
    "lang": "en",
    "updated": 0
  },
  {
    "id": "ebdc2b96-8891-4de9-b11d-3cff3dc78510",
    "data": [
      {
        "text": "I wish to book food and drinks along with tickets",
        "userDefined": false
      }
    ],
    "isTemplate": false,
    "count": 0,
    "lang": "en",
    "updated": 0
  },
  {
    "id": "7de68c56-1f9f-49f3-8264-4ef54cc94645",
    "data": [
      {
        "text": "I want to book drinks with tickets",
        "userDefined": false
      }
    ],
    "isTemplate": false,
    "count": 0,
    "lang": "en",
    "updated": 0
  },
  {
    "id": "955864fd-b6f4-4d38-bb46-29b265cb1a81",
    "data": [
      {
        "text": "I want to book food with tickets",
        "userDefined": false
      }
    ],
    "isTemplate": false,
    "count": 0,
    "lang": "en",
    "updated": 0
  },
  {
    "id": "4dde1bdd-608b-442d-beb0-9ee6d774cb10",
    "data": [
      {
        "text": "can i get cool drinks on board",
        "userDefined": false
      }
    ],
    "isTemplate": false,
    "count": 0,
    "lang": "en",
    "updated": 0
  },
  {
    "id": "0bb10932-78fa-4a69-acdd-9c1f903b0018",
    "data": [
      {
        "text": "can i get snacks in flight",
        "userDefined": false
      }
    ],
    "isTemplate": false,
    "count": 0,
    "lang": "en",
    "updated": 0
  },
  {
    "id": "43f572e0-87cf-4f5d-abff-8114376f3233",
    "data": [
      {
        "text": "food and drinks in flight",
        "userDefined": false
      }
    ],
    "isTemplate": false,
    "count": 0,
    "lang": "en",
    "updated": 0
  },
  {
    "id": "0f58123e-268a-4907-8eac-8725286f4198",
    "data": [
      {
        "text": "is drink available in flight",
        "userDefined": false
      }
    ],
    "isTemplate": false,
    "count": 0,
    "lang": "en",
    "updated": 0
  },
  {
    "id": "6756cca4-afb3-4254-94da-680ddd89803b",
    "data": [
      {
        "text": "can I get food onboard",
        "userDefined": false
      }
    ],
    "isTemplate": false,
    "count": 0,
    "lang": "en",
    "updated": 0
  },
  {
    "id": "1b4ee745-d476-400e-b666-27ca7b43de2f",
    "data": [
      {
        "text": "any food and beverages in flight",
        "userDefined": false
      }
    ],
    "isTemplate": false,
    "count": 0,
    "lang": "en",
    "updated": 0
  },
  {
    "id": "644dcf6e-7c19-43e4-8aa2-f880c734c5db",
    "data": [
      {
        "text": "are there drinks in flight",
        "userDefined": false
      }
    ],
    "isTemplate": false,
    "count": 0,
    "lang": "en",
    "updated": 0
  },
  {
    "id": "82d02de4-5ef4-44f6-b50d-9162c0013c4f",
    "data": [
      {
        "text": " any food or drinks available onboard?",
        "userDefined": false
      }
    ],
    "isTemplate": false,
    "count": 0,
    "lang": "en",
    "updated": 0
  },
  {
    "id": "7b7d9da4-b66b-4347-b15c-530b8ad22721",
    "data": [
      {
        "text": "is there food available in flight",
        "userDefined": false
      }
    ],
    "isTemplate": false,
    "count": 0,
    "lang": "en",
    "updated": 0
  }
]