[
  {
    "id": "21088734-e93f-49e6-b4d7-6be692a94f5f",
    "data": [
      {
        "text": "I want to complaint about my missing baggage",
        "userDefined": false
      }
    ],
    "isTemplate": false,
    "count": 1,
    "lang": "en",
    "updated": 0
  },
  {
    "id": "5197f0f7-a2af-4c3f-ad66-b5ad9a91c0ee",
    "data": [
      {
        "text": "I want to find my lost baggage",
        "userDefined": false
      }
    ],
    "isTemplate": false,
    "count": 0,
    "lang": "en",
    "updated": 0
  },
  {
    "id": "2b00bd2d-e5e6-45b3-96e4-e1c6eaae05aa",
    "data": [
      {
        "text": "Missing baggage",
        "userDefined": false
      }
    ],
    "isTemplate": false,
    "count": 0,
    "lang": "en",
    "updated": 0
  },
  {
    "id": "a11af53f-0b37-48dc-ad39-4f16666cda36",
    "data": [
      {
        "text": "Baggage lost",
        "userDefined": false
      }
    ],
    "isTemplate": false,
    "count": 0,
    "lang": "en",
    "updated": 0
  },
  {
    "id": "97dc41de-34e3-4347-bd67-802148a86418",
    "data": [
      {
        "text": "I have lost my baggage",
        "userDefined": false
      }
    ],
    "isTemplate": false,
    "count": 0,
    "lang": "en",
    "updated": 0
  },
  {
    "id": "b7bd584c-628f-45e3-b429-c1729e9cf9f4",
    "data": [
      {
        "text": "I am not able to find my baggage after landing",
        "userDefined": false
      }
    ],
    "isTemplate": false,
    "count": 0,
    "lang": "en",
    "updated": 0
  },
  {
    "id": "99891678-5e63-4427-b13a-cdcdc22b99f0",
    "data": [
      {
        "text": "I lost my baggage during my journey",
        "userDefined": false
      }
    ],
    "isTemplate": false,
    "count": 0,
    "lang": "en",
    "updated": 0
  },
  {
    "id": "6f835eac-744a-49ae-9c57-c7954fc7de8e",
    "data": [
      {
        "text": "who should I contact to if I lost my belongings",
        "userDefined": false
      }
    ],
    "isTemplate": false,
    "count": 0,
    "lang": "en",
    "updated": 0
  },
  {
    "id": "ae411921-486d-4eed-8734-ce84c9b50cd2",
    "data": [
      {
        "text": "What should I do if I lost my belongings",
        "userDefined": false
      }
    ],
    "isTemplate": false,
    "count": 0,
    "lang": "en",
    "updated": 0
  },
  {
    "id": "16b57386-b6a5-4597-9400-753ff6f77b5e",
    "data": [
      {
        "text": "Will I be compensated if I lost my belongings during my journey",
        "userDefined": false
      }
    ],
    "isTemplate": false,
    "count": 0,
    "lang": "en",
    "updated": 0
  },
  {
    "id": "d07059f1-04d9-4c48-8a1c-4ee8d6e52470",
    "data": [
      {
        "text": "What should I do if my baggage has been lost during my flight? Am I entitled to compensation?",
        "userDefined": false
      }
    ],
    "isTemplate": false,
    "count": 0,
    "lang": "en",
    "updated": 0
  }
]