[
  {
    "id": "d2ec886f-defd-4f6c-80ba-df2d681c5ad1",
    "data": [
      {
        "text": "How to do booking in a group",
        "userDefined": false
      }
    ],
    "isTemplate": false,
    "count": 0,
    "lang": "en",
    "updated": 0
  },
  {
    "id": "9b626dfc-e1b3-4fbc-9056-545a7bc92528",
    "data": [
      {
        "text": "I want to do a group booking",
        "userDefined": false
      }
    ],
    "isTemplate": false,
    "count": 0,
    "lang": "en",
    "updated": 0
  },
  {
    "id": "d076c1bb-77a2-4830-8419-b14db125e929",
    "data": [
      {
        "text": "is it possible to make a group booking",
        "userDefined": false
      }
    ],
    "isTemplate": false,
    "count": 0,
    "lang": "en",
    "updated": 0
  },
  {
    "id": "e2629361-adeb-4916-9cbd-f1a34d154a57",
    "data": [
      {
        "text": "how to book for a group",
        "userDefined": false
      }
    ],
    "isTemplate": false,
    "count": 0,
    "lang": "en",
    "updated": 0
  },
  {
    "id": "e46aeab1-c6c0-4d19-a3d3-72b0a45c84ea",
    "data": [
      {
        "text": "how do i make a group booking",
        "userDefined": false
      }
    ],
    "isTemplate": false,
    "count": 0,
    "lang": "en",
    "updated": 0
  },
  {
    "id": "f514dd3f-90c8-4054-ba24-d2626ad65c52",
    "data": [
      {
        "text": "help me to book a group of tickets",
        "userDefined": false
      }
    ],
    "isTemplate": false,
    "count": 0,
    "lang": "en",
    "updated": 0
  },
  {
    "id": "c96ec001-7308-41f1-8cb7-c252630f81df",
    "data": [
      {
        "text": "I want to book tickets for a group of people",
        "userDefined": false
      }
    ],
    "isTemplate": false,
    "count": 0,
    "lang": "en",
    "updated": 0
  },
  {
    "id": "68e999e6-be7f-48d9-8dd7-db3a8af648b4",
    "data": [
      {
        "text": "Can I make a group booking?",
        "userDefined": false
      }
    ],
    "isTemplate": false,
    "count": 0,
    "lang": "en",
    "updated": 0
  }
]